PlantingDepth,SoilAcidity,WaterVapor,LiquidWater,CO2,HeatPad,RedLight,BlueLight,UVLight,PlantGrowth
2.95652479754,10.8114543059,81.1477235546,97.2914958266,24.4958658611,128.536608671,94.2452791964,24.5338724548,42.6135354836,67.74812474797955
1.55609507567,0.683494249614,6.25602026663,82.6361968036,7.42336985033,98.4553644373,20.9734857353,24.5338724548,88.9999597116,68.47044312989956
2.95652479754,10.8114543059,62.9603144544,82.6361968036,7.42336985033,128.536608671,94.2452791964,92.5491571534,88.9999597116,65.16837221658788
0.207012259194,2.20291945728,70.5357885121,81.3951168338,2.38535504154,58.1700897373,31.0815295738,87.2389140841,46.7447198257,58.501201455947665
2.95997196918,12.3701806434,45.8257791937,81.3951168338,16.8975812858,126.465171778,31.0815295738,48.8052543929,77.6111349445,59.110324871286124
2.95997196918,2.20291945728,4.96160700953,77.4685282621,16.8975812858,126.465171778,95.9458602753,87.2389140841,46.7447198257,62.6241008257014
3.66148555957,2.20291945728,45.8257791937,91.1946747417,39.4204424724,83.9124818038,95.9458602753,87.2389140841,46.7447198257,72.71883199223336
2.95997196918,2.20291945728,4.96160700953,91.1946747417,2.38535504154,83.9124818038,31.0815295738,87.2389140841,77.6111349445,76.21947139411787
2.95997196918,9.30199494933,70.5357885121,81.3951168338,16.8975812858,83.9124818038,95.9458602753,48.8052543929,46.7447198257,62.9350391942375
3.66148555957,2.20291945728,70.5357885121,81.3951168338,2.38535504154,83.9124818038,95.9458602753,48.8052543929,97.6773205182,68.06705825072592
0.207012259194,2.20291945728,4.96160700953,81.3951168338,39.4204424724,58.1700897373,31.0815295738,48.8052543929,97.6773205182,77.09591097276102
2.95997196918,12.3701806434,4.96160700953,81.3951168338,39.4204424724,58.1700897373,39.7662642642,58.2067553224,46.7447198257,64.44873852620395
3.66148555957,2.20291945728,70.5357885121,81.3951168338,16.8975812858,58.1700897373,31.0815295738,58.2067553224,97.6773205182,64.75675970822982
2.94339840751,11.61381671,50.3398480341,80.8930780086,16.4340967607,91.8903740825,35.5520353141,9.86032845684,65.6381534032,61.79384476937525
4.34237233288,8.27011604792,26.5705224998,80.8930780086,16.4340967607,28.9944667424,96.5391354155,51.3331379885,49.3316991617,57.685532754566694
4.34237233288,11.61381671,26.5705224998,68.3755206406,16.4340967607,28.9944667424,96.5391354155,51.3331379885,65.6381534032,57.1604885427614
4.34237233288,4.63356116923,83.6140888897,93.3852049594,14.2906040187,28.9944667424,96.5391354155,88.3046798395,96.0975153525,56.754437869120025
2.94339840751,11.61381671,26.5705224998,68.3755206406,38.1762572771,106.747269796,96.5391354155,88.3046798395,65.6381534032,66.18267916717235
0.191941471835,4.63356116923,50.3398480341,68.3755206406,14.2906040187,91.8903740825,96.5391354155,51.3331379885,49.3316991617,60.23699051375926
2.94339840751,4.63356116923,26.5705224998,68.3755206406,16.4340967607,106.747269796,96.5391354155,88.3046798395,65.6381534032,64.52707336162555
2.94339840751,4.63356116923,26.5705224998,68.3755206406,16.4340967607,91.8903740825,35.5520353141,9.86032845684,96.0975153525,62.20700571884722
2.94339840751,8.27011604792,26.5705224998,93.3852049594,16.4340967607,106.747269796,35.5520353141,88.3046798395,96.0975153525,79.20351782268226
4.34237233288,4.63356116923,83.6140888897,80.8930780086,16.4340967607,106.747269796,96.5391354155,9.86032845684,65.6381534032,63.63473255708443
2.94339840751,4.63356116923,83.6140888897,93.3852049594,16.4340967607,91.8903740825,35.5520353141,9.86032845684,65.6381534032,61.461814707533144
2.94339840751,8.27011604792,50.3398480341,80.8930780086,14.2906040187,28.9944667424,73.5509390049,51.3331379885,96.0975153525,62.80384944480939
0.191941471835,4.63356116923,26.5705224998,93.3852049594,38.1762572771,91.8903740825,35.5520353141,51.3331379885,49.3316991617,71.74654025542377
2.94339840751,11.61381671,50.3398480341,93.3852049594,16.4340967607,106.747269796,73.5509390049,51.3331379885,65.6381534032,74.88942741855692
0.191941471835,8.27011604792,26.5705224998,93.3852049594,16.4340967607,106.747269796,35.5520353141,51.3331379885,96.0975153525,75.57057854710207
0.191941471835,8.27011604792,50.3398480341,68.3755206406,14.2906040187,91.8903740825,96.5391354155,88.3046798395,65.6381534032,65.93128198931633
0.191941471835,4.63356116923,26.5705224998,93.3852049594,38.1762572771,91.8903740825,73.5509390049,9.86032845684,49.3316991617,70.75707033555562
4.34237233288,4.63356116923,26.5705224998,80.8930780086,14.2906040187,91.8903740825,35.5520353141,51.3331379885,96.0975153525,72.49353752741223
0.191941471835,8.27011604792,83.6140888897,93.3852049594,38.1762572771,106.747269796,96.5391354155,88.3046798395,96.0975153525,81.23458644914136
4.34237233288,8.27011604792,26.5705224998,93.3852049594,38.1762572771,106.747269796,96.5391354155,88.3046798395,96.0975153525,85.41671318318802
4.34237233288,8.27011604792,26.5705224998,80.8930780086,16.4340967607,28.9944667424,35.5520353141,88.3046798395,65.6381534032,60.591618928821816
2.94339840751,8.27011604792,26.5705224998,93.3852049594,16.4340967607,28.9944667424,35.5520353141,88.3046798395,65.6381534032,56.57375275693317
0.191941471835,11.61381671,50.3398480341,68.3755206406,16.4340967607,28.9944667424,73.5509390049,51.3331379885,65.6381534032,54.84767488112932
2.94339840751,11.61381671,26.5705224998,68.3755206406,16.4340967607,106.747269796,35.5520353141,9.86032845684,49.3316991617,53.78504599474421
0.191941471835,8.27011604792,50.3398480341,80.8930780086,38.1762572771,28.9944667424,96.5391354155,88.3046798395,96.0975153525,72.04144806986982
2.94339840751,4.63356116923,83.6140888897,80.8930780086,14.2906040187,106.747269796,35.5520353141,51.3331379885,49.3316991617,61.11400823234911
2.94339840751,8.27011604792,50.3398480341,80.8930780086,38.1762572771,106.747269796,35.5520353141,88.3046798395,49.3316991617,68.77496002980183
2.94339840751,11.61381671,83.6140888897,68.3755206406,14.2906040187,106.747269796,73.5509390049,51.3331379885,96.0975153525,59.166596273970015
4.34237233288,11.61381671,83.6140888897,93.3852049594,16.4340967607,91.8903740825,35.5520353141,51.3331379885,96.0975153525,69.3425584265681
4.34237233288,8.27011604792,50.3398480341,93.3852049594,14.2906040187,28.9944667424,73.5509390049,9.86032845684,49.3316991617,45.706622505039974
4.34237233288,8.27011604792,26.5705224998,68.3755206406,14.2906040187,106.747269796,73.5509390049,88.3046798395,65.6381534032,63.45804861468561
4.34237233288,11.61381671,26.5705224998,80.8930780086,38.1762572771,28.9944667424,35.5520353141,88.3046798395,96.0975153525,71.25385515304006
0.191941471835,8.27011604792,50.3398480341,93.3852049594,14.2906040187,28.9944667424,35.5520353141,9.86032845684,65.6381534032,47.85684755120698
0.191941471835,4.63356116923,50.3398480341,80.8930780086,38.1762572771,28.9944667424,73.5509390049,9.86032845684,65.6381534032,57.60351700617731
2.94339840751,4.63356116923,50.3398480341,68.3755206406,14.2906040187,28.9944667424,96.5391354155,88.3046798395,65.6381534032,58.021461130691954
0.191941471835,8.27011604792,26.5705224998,80.8930780086,14.2906040187,91.8903740825,73.5509390049,9.86032845684,96.0975153525,71.51193746287302
4.34237233288,8.27011604792,26.5705224998,80.8930780086,14.2906040187,28.9944667424,35.5520353141,9.86032845684,65.6381534032,54.27260420877582
0.191941471835,8.27011604792,83.6140888897,93.3852049594,14.2906040187,106.747269796,35.5520353141,9.86032845684,65.6381534032,66.33278442670493
2.94339840751,8.27011604792,83.6140888897,93.3852049594,38.1762572771,28.9944667424,73.5509390049,51.3331379885,49.3316991617,47.846892082303285
0.191941471835,4.63356116923,83.6140888897,93.3852049594,38.1762572771,28.9944667424,35.5520353141,9.86032845684,96.0975153525,52.634152353314455
4.34237233288,4.63356116923,50.3398480341,80.8930780086,38.1762572771,91.8903740825,96.5391354155,9.86032845684,65.6381534032,67.81793989990359
0.191941471835,4.63356116923,50.3398480341,80.8930780086,16.4340967607,106.747269796,73.5509390049,9.86032845684,65.6381534032,63.584946618715676
0.191941471835,4.63356116923,26.5705224998,80.8930780086,38.1762572771,28.9944667424,35.5520353141,88.3046798395,49.3316991617,60.45977411568454
4.34237233288,8.27011604792,50.3398480341,68.3755206406,14.2906040187,91.8903740825,73.5509390049,9.86032845684,65.6381534032,57.371914152170326
2.94339840751,11.61381671,83.6140888897,93.3852049594,16.4340967607,91.8903740825,73.5509390049,88.3046798395,96.0975153525,74.79301039898323
0.191941471835,4.63356116923,83.6140888897,68.3755206406,14.2906040187,106.747269796,96.5391354155,51.3331379885,96.0975153525,59.78521562389461
4.34237233288,8.27011604792,83.6140888897,80.8930780086,38.1762572771,28.9944667424,35.5520353141,9.86032845684,96.0975153525,55.847485411155034
4.34237233288,11.61381671,50.3398480341,80.8930780086,14.2906040187,28.9944667424,35.5520353141,9.86032845684,65.6381534032,51.144709574016616
2.94339840751,11.61381671,83.6140888897,80.8930780086,14.2906040187,28.9944667424,73.5509390049,88.3046798395,96.0975153525,60.27612616380777
2.94339840751,4.63356116923,50.3398480341,68.3755206406,14.2906040187,91.8903740825,35.5520353141,9.86032845684,65.6381534032,55.539101872799165
2.94339840751,4.63356116923,83.6140888897,68.3755206406,14.2906040187,106.747269796,96.5391354155,88.3046798395,49.3316991617,61.46353317591122
4.34237233288,4.63356116923,50.3398480341,68.3755206406,38.1762572771,91.8903740825,35.5520353141,9.86032845684,96.0975153525,63.663556910763084
4.34237233288,11.61381671,83.6140888897,93.3852049594,14.2906040187,106.747269796,73.5509390049,9.86032845684,65.6381534032,67.40700985587273
0.191941471835,4.63356116923,50.3398480341,80.8930780086,14.2906040187,106.747269796,35.5520353141,88.3046798395,49.3316991617,66.37967691511426
4.34237233288,8.27011604792,26.5705224998,80.8930780086,16.4340967607,28.9944667424,96.5391354155,51.3331379885,96.0975153525,68.00013724765597
4.34237233288,8.27011604792,83.6140888897,68.3755206406,38.1762572771,28.9944667424,73.5509390049,51.3331379885,96.0975153525,59.00245340337564
2.94339840751,11.61381671,50.3398480341,68.3755206406,38.1762572771,28.9944667424,35.5520353141,51.3331379885,49.3316991617,51.24320296434442
0.191941471835,4.63356116923,26.5705224998,68.3755206406,38.1762572771,91.8903740825,96.5391354155,51.3331379885,65.6381534032,67.83668764298397
2.94339840751,8.27011604792,83.6140888897,80.8930780086,16.4340967607,28.9944667424,73.5509390049,9.86032845684,65.6381534032,49.513773698332045
4.34237233288,8.27011604792,26.5705224998,68.3755206406,16.4340967607,28.9944667424,35.5520353141,9.86032845684,65.6381534032,50.5170054559253
0.191941471835,4.63356116923,26.5705224998,93.3852049594,38.1762572771,28.9944667424,73.5509390049,51.3331379885,96.0975153525,67.34152338276428
2.94339840751,8.27011604792,50.3398480341,93.3852049594,14.2906040187,106.747269796,73.5509390049,88.3046798395,49.3316991617,74.72571147857882
2.94339840751,8.27011604792,26.5705224998,68.3755206406,14.2906040187,28.9944667424,35.5520353141,9.86032845684,96.0975153525,56.5987775411254
2.94339840751,4.63356116923,26.5705224998,68.3755206406,14.2906040187,106.747269796,96.5391354155,9.86032845684,96.0975153525,60.30433710646023
2.94339840751,4.63356116923,83.6140888897,80.8930780086,14.2906040187,28.9944667424,35.5520353141,51.3331379885,49.3316991617,47.59563647112708
4.34237233288,11.61381671,50.3398480341,80.8930780086,38.1762572771,28.9944667424,96.5391354155,51.3331379885,65.6381534032,60.98212518602793
4.34237233288,8.27011604792,26.5705224998,93.3852049594,38.1762572771,28.9944667424,96.5391354155,88.3046798395,96.0975153525,70.31740754723958
0.191941471835,4.63356116923,50.3398480341,80.8930780086,16.4340967607,28.9944667424,96.5391354155,9.86032845684,96.0975153525,62.131600989642145
2.94339840751,4.63356116923,83.6140888897,93.3852049594,38.1762572771,106.747269796,73.5509390049,88.3046798395,65.6381534032,76.91596537738137
0.191941471835,11.61381671,26.5705224998,93.3852049594,14.2906040187,28.9944667424,73.5509390049,9.86032845684,49.3316991617,49.76035154273603
2.94339840751,11.61381671,83.6140888897,80.8930780086,14.2906040187,91.8903740825,35.5520353141,88.3046798395,96.0975153525,68.81615672631081
4.34237233288,4.63356116923,50.3398480341,80.8930780086,38.1762572771,91.8903740825,73.5509390049,9.86032845684,49.3316991617,63.04226174980552
2.94339840751,4.63356116923,50.3398480341,68.3755206406,16.4340967607,106.747269796,96.5391354155,88.3046798395,96.0975153525,65.3495669782489
0.191941471835,11.61381671,83.6140888897,68.3755206406,16.4340967607,91.8903740825,35.5520353141,51.3331379885,49.3316991617,54.35389716274929
4.34237233288,11.61381671,26.5705224998,93.3852049594,38.1762572771,91.8903740825,35.5520353141,51.3331379885,49.3316991617,70.59842670952773
0.191941471835,8.27011604792,83.6140888897,80.8930780086,38.1762572771,28.9944667424,96.5391354155,88.3046798395,96.0975153525,66.61078966236701
0.191941471835,11.61381671,50.3398480341,93.3852049594,16.4340967607,28.9944667424,96.5391354155,9.86032845684,96.0975153525,57.75175182490766
0.191941471835,11.61381671,50.3398480341,68.3755206406,38.1762572771,91.8903740825,35.5520353141,9.86032845684,49.3316991617,55.93103478791035
4.34237233288,11.61381671,26.5705224998,68.3755206406,38.1762572771,28.9944667424,73.5509390049,9.86032845684,96.0975153525,62.58717602406338
0.191941471835,11.61381671,50.3398480341,80.8930780086,14.2906040187,28.9944667424,73.5509390049,51.3331379885,65.6381534032,57.72788971088606
0.191941471835,4.63356116923,26.5705224998,93.3852049594,16.4340967607,28.9944667424,96.5391354155,88.3046798395,96.0975153525,67.63361291234537
0.191941471835,11.61381671,50.3398480341,68.3755206406,14.2906040187,91.8903740825,96.5391354155,51.3331379885,65.6381534032,62.99729821380981
4.34237233288,11.61381671,50.3398480341,93.3852049594,38.1762572771,28.9944667424,96.5391354155,51.3331379885,96.0975153525,63.64735535473385
2.94339840751,11.61381671,83.6140888897,68.3755206406,16.4340967607,28.9944667424,73.5509390049,88.3046798395,96.0975153525,58.27375932398682
0.191941471835,4.63356116923,26.5705224998,68.3755206406,14.2906040187,106.747269796,73.5509390049,9.86032845684,96.0975153525,58.184891161597484
2.94339840751,8.27011604792,50.3398480341,68.3755206406,38.1762572771,91.8903740825,96.5391354155,51.3331379885,49.3316991617,61.962737427649294
4.34237233288,4.63356116923,26.5705224998,80.8930780086,16.4340967607,28.9944667424,73.5509390049,51.3331379885,65.6381534032,59.96714918135566
0.191941471835,8.27011604792,26.5705224998,80.8930780086,16.4340967607,106.747269796,35.5520353141,88.3046798395,65.6381534032,68.3152240637428
4.34237233288,11.61381671,83.6140888897,68.3755206406,16.4340967607,28.9944667424,96.5391354155,9.86032845684,65.6381534032,48.77053305876784
4.34237233288,8.27011604792,26.5705224998,93.3852049594,16.4340967607,91.8903740825,35.5520353141,88.3046798395,65.6381534032,74.72519379109103
2.94339840751,8.27011604792,83.6140888897,68.3755206406,16.4340967607,91.8903740825,73.5509390049,9.86032845684,65.6381534032,55.01920716020081
0.191941471835,11.61381671,50.3398480341,93.3852049594,16.4340967607,91.8903740825,35.5520353141,51.3331379885,65.6381534032,69.93632782267119
2.94339840751,4.63356116923,26.5705224998,93.3852049594,16.4340967607,91.8903740825,96.5391354155,9.86032845684,65.6381534032,72.64033993732247
4.34237233288,11.61381671,26.5705224998,68.3755206406,14.2906040187,28.9944667424,35.5520353141,88.3046798395,49.3316991617,53.00008995005335
4.34237233288,4.63356116923,26.5705224998,68.3755206406,38.1762572771,28.9944667424,96.5391354155,88.3046798395,65.6381534032,62.89384742576038
2.94339840751,8.27011604792,83.6140888897,93.3852049594,14.2906040187,106.747269796,35.5520353141,9.86032845684,96.0975153525,69.9426062430049
2.94339840751,4.63356116923,50.3398480341,80.8930780086,38.1762572771,106.747269796,35.5520353141,9.86032845684,96.0975153525,66.12502249301971
4.34237233288,11.61381671,26.5705224998,68.3755206406,14.2906040187,91.8903740825,73.5509390049,9.86032845684,96.0975153525,64.51480727953415
0.191941471835,8.27011604792,83.6140888897,68.3755206406,16.4340967607,28.9944667424,35.5520353141,51.3331379885,96.0975153525,54.09631979341759
2.94339840751,4.63356116923,26.5705224998,93.3852049594,16.4340967607,28.9944667424,96.5391354155,88.3046798395,65.6381534032,60.12940712380955
4.04694721256,5.98735875741,59.4995041353,52.7490957476,15.5753477868,81.9290749404,61.4867859656,17.0518995243,33.9236048477,42.72403820651073
4.04694721256,0.795409947724,59.4995041353,77.6743663983,15.5753477868,81.9290749404,27.3472194241,81.3495272189,95.9416907291,67.8786505969219
2.81039894245,5.98735875741,97.2757443749,91.2802511895,11.3002054527,116.077817375,93.1987708846,81.3495272189,78.2092168769,72.68958491788462
1.33550486158,10.2382004031,59.4995041353,91.2802511895,32.060203866,116.077817375,61.4867859656,81.3495272189,33.9236048477,71.0083002371914
4.04694721256,10.2382004031,59.4995041353,77.6743663983,11.3002054527,81.9290749404,61.4867859656,81.3495272189,95.9416907291,69.17264892544392
4.04694721256,0.795409947724,6.89568320249,52.7490957476,15.5753477868,116.077817375,61.4867859656,81.3495272189,33.9236048477,47.022711228949376
2.81039894245,0.795409947724,6.89568320249,77.6743663983,11.3002054527,81.9290749404,61.4867859656,17.0518995243,33.9236048477,57.80887425711805
1.33550486158,0.795409947724,6.89568320249,91.2802511895,32.060203866,81.9290749404,61.4867859656,64.2082954555,33.9236048477,69.40272909388707
1.33550486158,5.98735875741,59.4995041353,52.7490957476,15.5753477868,116.077817375,93.1987708846,17.0518995243,78.2092168769,44.441748891349654
2.81039894245,10.2382004031,6.89568320249,52.7490957476,11.3002054527,58.1416718456,93.1987708846,81.3495272189,33.9236048477,49.97691884623903
4.04694721256,10.2382004031,97.2757443749,91.2802511895,11.3002054527,81.9290749404,93.1987708846,64.2082954555,33.9236048477,59.41729579370289
2.81039894245,10.2382004031,97.2757443749,52.7490957476,15.5753477868,81.9290749404,61.4867859656,81.3495272189,95.9416907291,53.73247572141944
1.33550486158,0.795409947724,97.2757443749,52.7490957476,15.5753477868,58.1416718456,93.1987708846,64.2082954555,33.9236048477,43.85963454880218
1.33550486158,10.2382004031,97.2757443749,52.7490957476,15.5753477868,58.1416718456,27.3472194241,81.3495272189,78.2092168769,47.18786153935545
2.81039894245,10.2382004031,59.4995041353,77.6743663983,15.5753477868,81.9290749404,61.4867859656,64.2082954555,78.2092168769,66.0236208496876
1.33550486158,10.2382004031,6.89568320249,77.6743663983,32.060203866,81.9290749404,93.1987708846,17.0518995243,33.9236048477,61.79321507847895
2.81039894245,10.2382004031,6.89568320249,77.6743663983,32.060203866,116.077817375,93.1987708846,17.0518995243,78.2092168769,64.58661797692679
2.81039894245,10.2382004031,97.2757443749,77.6743663983,11.3002054527,81.9290749404,93.1987708846,64.2082954555,33.9236048477,57.8760528076636
4.04694721256,10.2382004031,97.2757443749,52.7490957476,11.3002054527,81.9290749404,61.4867859656,81.3495272189,95.9416907291,52.61574166893318
2.81039894245,10.2382004031,97.2757443749,91.2802511895,11.3002054527,81.9290749404,27.3472194241,17.0518995243,78.2092168769,58.71648543686331
2.81039894245,0.795409947724,59.4995041353,52.7490957476,32.060203866,81.9290749404,93.1987708846,17.0518995243,95.9416907291,58.02809289687113
4.04694721256,10.2382004031,97.2757443749,77.6743663983,15.5753477868,81.9290749404,61.4867859656,81.3495272189,95.9416907291,65.39529312107739
2.81039894245,0.795409947724,97.2757443749,91.2802511895,11.3002054527,81.9290749404,93.1987708846,64.2082954555,95.9416907291,68.77787280367514
1.33550486158,10.2382004031,59.4995041353,77.6743663983,11.3002054527,81.9290749404,27.3472194241,64.2082954555,33.9236048477,56.76874971440448
1.33550486158,0.795409947724,59.4995041353,77.6743663983,32.060203866,58.1416718456,61.4867859656,64.2082954555,95.9416907291,69.57396649338875
2.81039894245,5.98735875741,97.2757443749,91.2802511895,15.5753477868,116.077817375,93.1987708846,17.0518995243,95.9416907291,68.67507111761071
4.04694721256,0.795409947724,97.2757443749,91.2802511895,15.5753477868,116.077817375,61.4867859656,64.2082954555,33.9236048477,66.35657224769963
1.33550486158,10.2382004031,6.89568320249,52.7490957476,15.5753477868,58.1416718456,27.3472194241,81.3495272189,78.2092168769,56.512508860672924
4.04694721256,10.2382004031,59.4995041353,52.7490957476,11.3002054527,81.9290749404,27.3472194241,64.2082954555,95.9416907291,53.85656231485383
2.81039894245,5.98735875741,59.4995041353,91.2802511895,32.060203866,58.1416718456,93.1987708846,17.0518995243,95.9416907291,67.9105788746422
2.81039894245,5.98735875741,6.89568320249,52.7490957476,15.5753477868,81.9290749404,93.1987708846,64.2082954555,95.9416907291,64.06221559644624
4.04694721256,0.795409947724,59.4995041353,52.7490957476,32.060203866,116.077817375,61.4867859656,81.3495272189,95.9416907291,50.77230131419646
1.33550486158,10.2382004031,97.2757443749,77.6743663983,15.5753477868,81.9290749404,27.3472194241,17.0518995243,33.9236048477,51.18604597775558
1.33550486158,10.2382004031,97.2757443749,91.2802511895,32.060203866,116.077817375,61.4867859656,64.2082954555,95.9416907291,71.69838640086758
4.04694721256,10.2382004031,6.89568320249,52.7490957476,32.060203866,58.1416718456,27.3472194241,81.3495272189,33.9236048477,47.45053872717132
1.33550486158,10.2382004031,59.4995041353,77.6743663983,15.5753477868,81.9290749404,27.3472194241,17.0518995243,78.2092168769,60.83388181239127
2.81039894245,0.795409947724,59.4995041353,91.2802511895,15.5753477868,58.1416718456,61.4867859656,17.0518995243,78.2092168769,59.88877840625248
1.33550486158,0.795409947724,59.4995041353,52.7490957476,15.5753477868,116.077817375,27.3472194241,64.2082954555,78.2092168769,44.08837159189667
2.81039894245,10.2382004031,6.89568320249,91.2802511895,32.060203866,81.9290749404,93.1987708846,17.0518995243,33.9236048477,67.1397904545486
1.33550486158,10.2382004031,59.4995041353,77.6743663983,11.3002054527,81.9290749404,27.3472194241,64.2082954555,78.2092168769,63.82283806098274
1.33550486158,10.2382004031,59.4995041353,77.6743663983,11.3002054527,58.1416718456,93.1987708846,64.2082954555,33.9236048477,57.90475072000069
1.33550486158,10.2382004031,97.2757443749,77.6743663983,11.3002054527,81.9290749404,27.3472194241,81.3495272189,78.2092168769,61.24528118575649
4.04694721256,10.2382004031,6.89568320249,77.6743663983,15.5753477868,116.077817375,61.4867859656,81.3495272189,78.2092168769,66.5702470154143
4.04694721256,10.2382004031,97.2757443749,52.7490957476,11.3002054527,81.9290749404,27.3472194241,64.2082954555,33.9236048477,41.68724641180516
1.33550486158,5.98735875741,59.4995041353,77.6743663983,11.3002054527,58.1416718456,61.4867859656,81.3495272189,95.9416907291,67.32198126758135
4.04694721256,10.2382004031,59.4995041353,91.2802511895,32.060203866,116.077817375,61.4867859656,17.0518995243,95.9416907291,70.77707517682427
1.33550486158,5.98735875741,59.4995041353,77.6743663983,32.060203866,58.1416718456,93.1987708846,17.0518995243,95.9416907291,67.91758065451981
4.04694721256,0.795409947724,97.2757443749,91.2802511895,11.3002054527,116.077817375,93.1987708846,17.0518995243,78.2092168769,67.92693728969508
4.04694721256,0.795409947724,59.4995041353,91.2802511895,11.3002054527,81.9290749404,61.4867859656,81.3495272189,95.9416907291,74.06492509406893
1.33550486158,10.2382004031,59.4995041353,91.2802511895,11.3002054527,116.077817375,27.3472194241,81.3495272189,95.9416907291,70.80247059484482
4.04694721256,10.2382004031,6.89568320249,91.2802511895,15.5753477868,81.9290749404,61.4867859656,64.2082954555,33.9236048477,67.2709562715113
2.81039894245,0.795409947724,6.89568320249,77.6743663983,32.060203866,116.077817375,27.3472194241,64.2082954555,78.2092168769,64.30398166507591
4.04694721256,5.98735875741,6.89568320249,91.2802511895,11.3002054527,81.9290749404,93.1987708846,64.2082954555,78.2092168769,78.91197202617981
2.81039894245,5.98735875741,59.4995041353,77.6743663983,15.5753477868,58.1416718456,93.1987708846,64.2082954555,78.2092168769,65.23755050255923
1.33550486158,0.795409947724,6.89568320249,91.2802511895,15.5753477868,81.9290749404,93.1987708846,81.3495272189,78.2092168769,81.51326940210028
1.33550486158,5.98735875741,59.4995041353,52.7490957476,11.3002054527,116.077817375,93.1987708846,81.3495272189,95.9416907291,49.8311991858928
4.04694721256,0.795409947724,59.4995041353,91.2802511895,15.5753477868,116.077817375,61.4867859656,17.0518995243,33.9236048477,65.01621834362254
2.81039894245,0.795409947724,6.89568320249,52.7490957476,32.060203866,116.077817375,27.3472194241,64.2082954555,33.9236048477,44.245321340224606
1.33550486158,5.98735875741,6.89568320249,77.6743663983,11.3002054527,81.9290749404,27.3472194241,81.3495272189,95.9416907291,74.34837480131159
2.81039894245,10.2382004031,97.2757443749,52.7490957476,32.060203866,81.9290749404,61.4867859656,64.2082954555,33.9236048477,45.6669501483474
1.33550486158,10.2382004031,97.2757443749,52.7490957476,15.5753477868,116.077817375,93.1987708846,17.0518995243,33.9236048477,41.3900782524684
4.04694721256,10.2382004031,6.89568320249,52.7490957476,15.5753477868,81.9290749404,61.4867859656,81.3495272189,33.9236048477,50.80674052699511
4.04694721256,10.2382004031,6.89568320249,91.2802511895,15.5753477868,58.1416718456,61.4867859656,17.0518995243,33.9236048477,56.623819241998845
1.33550486158,5.98735875741,6.89568320249,91.2802511895,32.060203866,116.077817375,93.1987708846,17.0518995243,33.9236048477,69.03870271212094
4.04694721256,0.795409947724,6.89568320249,52.7490957476,32.060203866,116.077817375,61.4867859656,64.2082954555,95.9416907291,52.14698136210795
4.04694721256,0.795409947724,59.4995041353,77.6743663983,11.3002054527,116.077817375,93.1987708846,17.0518995243,78.2092168769,60.74975885269929
1.33550486158,5.98735875741,59.4995041353,52.7490957476,15.5753477868,58.1416718456,27.3472194241,64.2082954555,95.9416907291,52.76932920373198
4.04694721256,10.2382004031,97.2757443749,52.7490957476,15.5753477868,116.077817375,61.4867859656,81.3495272189,78.2092168769,46.65560075564618
4.04694721256,0.795409947724,97.2757443749,91.2802511895,32.060203866,58.1416718456,61.4867859656,17.0518995243,78.2092168769,56.494936057263914
2.81039894245,10.2382004031,6.89568320249,52.7490957476,32.060203866,81.9290749404,27.3472194241,17.0518995243,95.9416907291,58.26474935569962
1.33550486158,0.795409947724,97.2757443749,52.7490957476,11.3002054527,116.077817375,93.1987708846,17.0518995243,78.2092168769,42.29083709386569
2.81039894245,5.98735875741,6.89568320249,52.7490957476,32.060203866,58.1416718456,93.1987708846,17.0518995243,78.2092168769,57.49347731307786
4.04694721256,0.795409947724,59.4995041353,91.2802511895,11.3002054527,58.1416718456,93.1987708846,81.3495272189,33.9236048477,57.680539372970735
1.33550486158,10.2382004031,6.89568320249,77.6743663983,32.060203866,116.077817375,27.3472194241,81.3495272189,78.2092168769,65.29674701588138
2.81039894245,10.2382004031,59.4995041353,91.2802511895,15.5753477868,116.077817375,93.1987708846,64.2082954555,78.2092168769,73.2848510805386
4.04694721256,10.2382004031,59.4995041353,91.2802511895,11.3002054527,116.077817375,93.1987708846,81.3495272189,95.9416907291,75.39655839412009
4.04694721256,5.98735875741,97.2757443749,91.2802511895,15.5753477868,81.9290749404,93.1987708846,81.3495272189,95.9416907291,70.42073212114214
2.81039894245,0.795409947724,59.4995041353,52.7490957476,15.5753477868,116.077817375,93.1987708846,64.2082954555,78.2092168769,48.32915988542643
1.33550486158,10.2382004031,59.4995041353,52.7490957476,32.060203866,81.9290749404,27.3472194241,64.2082954555,95.9416907291,58.338481723542436
1.33550486158,5.98735875741,97.2757443749,52.7490957476,15.5753477868,116.077817375,27.3472194241,64.2082954555,95.9416907291,43.20392292952451
1.33550486158,10.2382004031,97.2757443749,91.2802511895,32.060203866,116.077817375,93.1987708846,81.3495272189,95.9416907291,74.85755637194481
4.04694721256,5.98735875741,59.4995041353,91.2802511895,15.5753477868,58.1416718456,27.3472194241,17.0518995243,95.9416907291,60.79410233680514
2.81039894245,10.2382004031,97.2757443749,77.6743663983,32.060203866,116.077817375,61.4867859656,17.0518995243,78.2092168769,58.915173366274935
2.81039894245,0.795409947724,59.4995041353,52.7490957476,32.060203866,58.1416718456,61.4867859656,17.0518995243,33.9236048477,41.5658692493037
1.33550486158,5.98735875741,97.2757443749,77.6743663983,11.3002054527,81.9290749404,93.1987708846,64.2082954555,33.9236048477,58.35547462316876
4.04694721256,0.795409947724,97.2757443749,52.7490957476,32.060203866,81.9290749404,93.1987708846,64.2082954555,95.9416907291,56.765045526725494
2.81039894245,0.795409947724,97.2757443749,77.6743663983,32.060203866,81.9290749404,27.3472194241,81.3495272189,78.2092168769,63.864501701513795
4.04694721256,0.795409947724,97.2757443749,77.6743663983,15.5753477868,116.077817375,27.3472194241,81.3495272189,95.9416907291,61.21596256283313
2.81039894245,10.2382004031,59.4995041353,52.7490957476,32.060203866,58.1416718456,93.1987708846,64.2082954555,78.2092168769,55.63928069278612
2.81039894245,10.2382004031,59.4995041353,52.7490957476,11.3002054527,58.1416718456,27.3472194241,81.3495272189,78.2092168769,50.02180871342293
1.33550486158,0.795409947724,59.4995041353,77.6743663983,15.5753477868,58.1416718456,61.4867859656,64.2082954555,33.9236048477,56.32714491153568
2.81039894245,5.98735875741,97.2757443749,77.6743663983,15.5753477868,58.1416718456,61.4867859656,81.3495272189,95.9416907291,63.123227154394506
2.81039894245,5.98735875741,6.89568320249,77.6743663983,15.5753477868,58.1416718456,27.3472194241,64.2082954555,95.9416907291,70.68714721434159
2.81039894245,5.98735875741,59.4995041353,77.6743663983,32.060203866,81.9290749404,27.3472194241,81.3495272189,33.9236048477,59.371559129433535
4.04694721256,0.795409947724,97.2757443749,77.6743663983,15.5753477868,116.077817375,27.3472194241,17.0518995243,78.2092168769,55.7127965243201
1.33550486158,10.2382004031,6.89568320249,77.6743663983,32.060203866,116.077817375,93.1987708846,81.3495272189,95.9416907291,70.70823910688426
2.81039894245,10.2382004031,97.2757443749,77.6743663983,15.5753477868,81.9290749404,93.1987708846,64.2082954555,95.9416907291,66.26801290634572
2.81039894245,10.2382004031,97.2757443749,52.7490957476,11.3002054527,116.077817375,61.4867859656,64.2082954555,78.2092168769,44.59827157794169
2.81039894245,10.2382004031,6.89568320249,91.2802511895,11.3002054527,58.1416718456,93.1987708846,17.0518995243,95.9416907291,72.81826376329049
4.04694721256,0.795409947724,97.2757443749,91.2802511895,15.5753477868,81.9290749404,27.3472194241,17.0518995243,33.9236048477,52.355683624085636
3.93086291083,12.5724159667,83.7832685719,98.4870702405,14.4935758559,118.946827574,19.6424328693,91.6515729975,15.1017136797,64.29738281935187
2.7569712305,5.57146121086,48.3314248256,66.0080704243,0.459000221778,118.946827574,57.6610878477,60.4937566193,15.1017136797,50.070458799170424
1.28961560006,5.57146121086,83.7832685719,98.4870702405,0.459000221778,98.9529614986,85.8037556532,91.6515729975,66.9755008844,69.49682087170982
3.93086291083,2.45374465302,48.3314248256,66.0080704243,14.4935758559,18.8415114619,57.6610878477,91.6515729975,15.1017136797,44.75785897345705
3.93086291083,5.57146121086,48.3314248256,66.0080704243,0.459000221778,118.946827574,19.6424328693,39.9673635013,66.9755008844,48.84878558914811
1.28961560006,5.57146121086,83.7832685719,66.0080704243,0.459000221778,18.8415114619,19.6424328693,39.9673635013,87.595415953,45.808472720800964
1.28961560006,2.45374465302,83.7832685719,66.0080704243,14.4935758559,18.8415114619,85.8037556532,91.6515729975,87.595415953,55.86295594190834
1.28961560006,5.57146121086,35.0466864845,81.4965002257,14.4935758559,18.8415114619,57.6610878477,91.6515729975,66.9755008844,58.69062667330506
2.7569712305,2.45374465302,35.0466864845,81.4965002257,14.4935758559,98.9529614986,19.6424328693,39.9673635013,66.9755008844,65.72400774925882
3.93086291083,5.57146121086,48.3314248256,81.4965002257,14.4935758559,18.8415114619,85.8037556532,91.6515729975,15.1017136797,47.57570949389173
3.80806045434,3.44881652425,41.0101481964,86.3455604589,1.23109289514,88.1441315718,69.274995213,47.5488836239,56.6119023712,66.05834708946301
2.42896854988,8.34526375657,92.1140891676,75.5164317139,27.2421354004,105.695429923,16.3996585955,91.0746496034,97.9063528946,64.84394581580605
3.80806045434,1.49058005525,92.1140891676,93.3786615671,27.2421354004,105.695429923,69.274995213,91.0746496034,97.9063528946,79.29775270585843
0.0633086408021,8.34526375657,92.1140891676,86.3455604589,27.2421354004,88.1441315718,47.9959319623,91.0746496034,56.6119023712,68.09803106756905
3.32834731182,9.50303759068,57.7879602498,98.4662842902,17.2516220806,99.7220189078,25.4537666726,51.5174099493,48.0082022216,64.67209511624566
2.37113678671,1.3735787594,10.2157755776,88.7259299532,17.2516220806,109.485786273,71.0472014561,34.49162561,48.0082022216,70.1259407069621
2.37113678671,3.09673127647,34.8688078606,80.4894514955,17.2516220806,99.7220189078,35.6332553254,51.5174099493,89.2518697856,69.4985091582222
1.16185367569,1.3735787594,57.7879602498,91.1698073202,17.2516220806,99.7220189078,93.9450711142,34.49162561,75.3790922563,74.48582676195912
3.32834731182,9.50303759068,34.8688078606,98.4662842902,2.10589464759,86.2927814472,93.9450711142,94.5203730876,85.0949465586,76.16799990546258
1.16185367569,12.6455653859,84.1325637664,80.4894514955,17.2516220806,47.9008035168,35.6332553254,51.5174099493,89.2518697856,60.78686861829624
3.61231243437,3.09673127647,84.1325637664,91.1698073202,2.10589464759,99.7220189078,25.4537666726,34.49162561,85.0949465586,66.1803366902675
3.32834731182,3.09673127647,10.2157755776,98.4662842902,17.2516220806,86.2927814472,25.4537666726,94.5203730876,75.3790922563,76.11553509461223
3.61231243437,1.3735787594,10.2157755776,91.1698073202,26.8178788561,109.485786273,93.9450711142,34.49162561,89.2518697856,77.46111943129634
3.61231243437,9.50303759068,10.2157755776,88.7259299532,17.2516220806,99.7220189078,71.0472014561,94.5203730876,89.2518697856,81.75804076834237
4.04173094576,7.75376800147,10.2430053978,89.6542592824,3.32689312889,111.115903846,96.6019730828,91.6503341472,98.1687301454,78.98988610246778
4.04173094576,12.7896547357,10.2430053978,89.6542592824,13.8468268306,90.7131196721,72.2672810155,65.4441965216,76.2052493295,77.49204681328322
1.64148757172,12.7896547357,85.5846820315,89.6542592824,39.0543991251,111.115903846,96.6019730828,91.6503341472,98.1687301454,78.00303854813501
1.64148757172,5.60181276845,85.5846820315,89.6542592824,3.32689312889,111.115903846,51.2871998365,37.5476903037,98.1687301454,67.54670280396017
4.04173094576,7.75376800147,74.509940681,89.6542592824,3.32689312889,58.8722523745,72.2672810155,91.6503341472,39.1398293622,56.57521431881312
4.04173094576,12.7896547357,74.509940681,74.822372261,26.8775208853,90.7131196721,51.2871998365,37.5476903037,98.1687301454,66.11489472334729
2.79612366037,0.505113030747,85.5846820315,93.9288804075,3.32689312889,58.8722523745,96.6019730828,78.7646829021,39.1398293622,54.73339163984515
4.04173094576,5.60181276845,10.2430053978,74.822372261,3.32689312889,111.115903846,72.2672810155,91.6503341472,86.0442916943,67.20854242941152
1.64148757172,0.505113030747,74.509940681,98.2326464729,3.32689312889,90.7131196721,26.5766114611,78.7646829021,98.1687301454,69.13603736138859
0.123047112879,7.75376800147,38.2147081566,89.6542592824,39.0543991251,111.115903846,51.2871998365,37.5476903037,98.1687301454,73.41405707079701
0.414770272671,7.47669761057,40.2718112114,76.509858613,37.1827425946,93.1189916769,93.4328453338,39.2775319147,64.1812796156,69.56847916980533
2.80479947376,3.51432509578,40.2718112114,96.9175419304,37.1827425946,76.5558119397,19.0067933027,72.7851401108,90.4246376016,74.10230370802637
2.80479947376,10.5786961641,73.2782256245,93.730457624,37.1827425946,76.5558119397,51.9327447033,93.2640197313,70.2936939637,69.30478019961879
1.98625123628,3.51432509578,40.2718112114,76.509858613,26.6190059364,80.611616657,71.3591052421,72.7851401108,70.2936939637,68.81693862305409
3.83764241969,7.47669761057,73.2782256245,96.9175419304,26.6190059364,76.5558119397,71.3591052421,93.2640197313,90.4246376016,71.36975994843786
0.414770272671,0.258833555586,83.9216088411,87.045559666,1.32051997217,93.1189916769,71.3591052421,39.2775319147,64.1812796156,64.70776747214205
3.83764241969,10.5786961641,73.2782256245,87.045559666,37.1827425946,106.725101963,93.4328453338,72.7851401108,64.1812796156,74.74307366748671
2.80479947376,0.258833555586,40.2718112114,76.509858613,26.6190059364,93.1189916769,51.9327447033,93.2640197313,90.4246376016,74.19157961702635
3.83764241969,0.258833555586,12.9219630469,96.9175419304,37.1827425946,106.725101963,93.4328453338,39.2775319147,90.4246376016,83.51004234802139
2.80479947376,3.51432509578,40.2718112114,96.9175419304,26.6190059364,93.1189916769,19.0067933027,93.2640197313,90.4246376016,78.77135628988387
3.39089605753,7.83818355145,67.0238739421,93.2089385553,38.0743943932,66.2575786004,16.604550865,81.6635855523,78.0802951879,65.9690013253078
3.39089605753,5.17392326545,29.9996796446,73.2907100808,38.0743943932,100.022206526,76.3002546458,81.6635855523,82.4825882969,71.51688077452856
2.03587850528,5.17392326545,91.780528962,93.2089385553,38.0743943932,66.2575786004,49.4831129999,20.5286104133,94.2356766853,63.07120548885421
3.39089605753,7.83818355145,29.9996796446,84.9179096318,5.74940524017,91.2281493354,16.604550865,81.6635855523,82.4825882969,71.53380640423862
0.630767248575,5.17392326545,29.9996796446,84.9179096318,25.244283139,91.2281493354,94.5987394225,87.6111878682,41.7020562099,71.77815648480049
4.6721940076,1.47534315943,67.0238739421,73.2907100808,38.0743943932,66.2575786004,16.604550865,57.4815537576,94.2356766853,64.15646614678248
4.6721940076,7.83818355145,29.9996796446,73.2907100808,25.244283139,66.2575786004,94.5987394225,87.6111878682,78.0802951879,69.86427148027772
3.39089605753,5.17392326545,10.0053823436,93.2089385553,25.244283139,100.022206526,76.3002546458,57.4815537576,94.2356766853,83.16922870533382
3.39089605753,11.4896007697,91.780528962,99.8538065936,25.244283139,66.2575786004,49.4831129999,87.6111878682,78.0802951879,60.50896963225126
3.39089605753,7.83818355145,67.0238739421,73.2907100808,5.74940524017,91.2281493354,16.604550865,81.6635855523,78.0802951879,61.326404844351146
0.630767248575,5.17392326545,10.0053823436,73.2907100808,38.0743943932,107.131475213,94.5987394225,87.6111878682,78.0802951879,70.23171862744394
3.39089605753,1.47534315943,67.0238739421,99.8538065936,5.74940524017,66.2575786004,16.604550865,81.6635855523,78.0802951879,58.849612876721075
4.6721940076,5.17392326545,10.0053823436,84.9179096318,17.8262469424,66.2575786004,94.5987394225,87.6111878682,41.7020562099,68.48776811523604
4.6721940076,1.47534315943,67.0238739421,99.8538065936,5.74940524017,100.022206526,16.604550865,57.4815537576,41.7020562099,60.59242321264257
0.630767248575,11.4896007697,29.9996796446,99.8538065936,25.244283139,66.2575786004,94.5987394225,87.6111878682,82.4825882969,73.94695735326331
3.39089605753,7.83818355145,29.9996796446,99.8538065936,5.74940524017,66.2575786004,16.604550865,20.5286104133,82.4825882969,60.34673478508853
2.03587850528,1.47534315943,29.9996796446,84.9179096318,25.244283139,100.022206526,94.5987394225,57.4815537576,82.4825882969,76.51531458498899
4.6721940076,11.4896007697,10.0053823436,99.8538065936,38.0743943932,107.131475213,76.3002546458,20.5286104133,41.7020562099,72.58194072496032
4.6721940076,11.4896007697,67.0238739421,73.2907100808,5.74940524017,91.2281493354,16.604550865,87.6111878682,94.2356766853,63.63612397859892
4.6721940076,11.4896007697,29.9996796446,99.8538065936,38.0743943932,66.2575786004,76.3002546458,87.6111878682,94.2356766853,76.70634079129383
4.6721940076,7.83818355145,29.9996796446,93.2089385553,17.8262469424,107.131475213,76.3002546458,81.6635855523,94.2356766853,81.16065795446974
2.03587850528,7.83818355145,29.9996796446,93.2089385553,5.74940524017,66.2575786004,49.4831129999,20.5286104133,94.2356766853,67.34317653278302
2.03587850528,11.4896007697,91.780528962,84.9179096318,17.8262469424,91.2281493354,76.3002546458,87.6111878682,94.2356766853,72.64541692917578
3.39089605753,1.47534315943,10.0053823436,73.2907100808,25.244283139,91.2281493354,94.5987394225,20.5286104133,41.7020562099,61.48424709940325
3.39089605753,7.83818355145,29.9996796446,84.9179096318,5.74940524017,91.2281493354,76.3002546458,20.5286104133,94.2356766853,72.38943432385595
3.39089605753,5.17392326545,67.0238739421,99.8538065936,17.8262469424,100.022206526,76.3002546458,87.6111878682,78.0802951879,74.47805874405283
3.39089605753,7.83818355145,10.0053823436,84.9179096318,17.8262469424,107.131475213,76.3002546458,81.6635855523,78.0802951879,75.21736269191473
2.03587850528,1.47534315943,91.780528962,73.2907100808,5.74940524017,107.131475213,16.604550865,20.5286104133,78.0802951879,54.46334747286012
4.6721940076,1.47534315943,29.9996796446,84.9179096318,17.8262469424,100.022206526,16.604550865,20.5286104133,82.4825882969,69.20665132368502
2.03587850528,1.47534315943,29.9996796446,73.2907100808,17.8262469424,66.2575786004,94.5987394225,81.6635855523,41.7020562099,61.71951029231475
2.03587850528,7.83818355145,91.780528962,73.2907100808,5.74940524017,100.022206526,16.604550865,81.6635855523,82.4825882969,60.680091308470985
3.39089605753,11.4896007697,10.0053823436,99.8538065936,38.0743943932,66.2575786004,94.5987394225,81.6635855523,41.7020562099,66.66097525051633
4.6721940076,11.4896007697,29.9996796446,73.2907100808,5.74940524017,107.131475213,94.5987394225,87.6111878682,82.4825882969,67.80266586599285
3.39089605753,7.83818355145,91.780528962,84.9179096318,25.244283139,91.2281493354,49.4831129999,81.6635855523,82.4825882969,69.8744756656229
4.6721940076,1.47534315943,29.9996796446,99.8538065936,38.0743943932,91.2281493354,94.5987394225,20.5286104133,94.2356766853,79.98473843810146
4.6721940076,11.4896007697,29.9996796446,93.2089385553,25.244283139,107.131475213,16.604550865,20.5286104133,94.2356766853,73.64000897140821
0.630767248575,1.47534315943,91.780528962,84.9179096318,38.0743943932,107.131475213,49.4831129999,57.4815537576,94.2356766853,70.066352865206
4.6721940076,11.4896007697,67.0238739421,73.2907100808,5.74940524017,66.2575786004,94.5987394225,20.5286104133,41.7020562099,52.65610176141576
2.03587850528,1.47534315943,67.0238739421,84.9179096318,25.244283139,91.2281493354,94.5987394225,57.4815537576,78.0802951879,72.78224747401156
0.630767248575,11.4896007697,29.9996796446,84.9179096318,5.74940524017,91.2281493354,94.5987394225,81.6635855523,41.7020562099,69.4620341945699
2.03587850528,7.83818355145,10.0053823436,99.8538065936,5.74940524017,107.131475213,49.4831129999,20.5286104133,94.2356766853,75.88403360003949
3.39089605753,7.83818355145,29.9996796446,84.9179096318,25.244283139,107.131475213,94.5987394225,57.4815537576,78.0802951879,74.23595025279116
0.630767248575,7.83818355145,67.0238739421,84.9179096318,5.74940524017,100.022206526,76.3002546458,57.4815537576,78.0802951879,70.31268671309759
3.39089605753,11.4896007697,10.0053823436,84.9179096318,38.0743943932,66.2575786004,16.604550865,20.5286104133,94.2356766853,74.06979467682848
2.03587850528,5.17392326545,67.0238739421,73.2907100808,17.8262469424,91.2281493354,76.3002546458,20.5286104133,82.4825882969,62.96948942302852
3.39089605753,1.47534315943,91.780528962,99.8538065936,5.74940524017,66.2575786004,16.604550865,57.4815537576,94.2356766853,55.65057764239678
2.03587850528,5.17392326545,10.0053823436,99.8538065936,25.244283139,107.131475213,76.3002546458,87.6111878682,41.7020562099,77.27862084884228
2.03587850528,11.4896007697,29.9996796446,84.9179096318,17.8262469424,66.2575786004,49.4831129999,87.6111878682,94.2356766853,75.59813495044769
2.03587850528,7.83818355145,10.0053823436,93.2089385553,17.8262469424,107.131475213,16.604550865,81.6635855523,94.2356766853,77.95228075392924
3.39089605753,7.83818355145,29.9996796446,93.2089385553,25.244283139,100.022206526,49.4831129999,57.4815537576,94.2356766853,80.6380287609269
0.630767248575,11.4896007697,29.9996796446,93.2089385553,5.74940524017,100.022206526,49.4831129999,57.4815537576,78.0802951879,76.47433910280537
3.39089605753,1.47534315943,67.0238739421,93.2089385553,5.74940524017,100.022206526,49.4831129999,87.6111878682,78.0802951879,73.52322705735621
3.39089605753,7.83818355145,67.0238739421,73.2907100808,17.8262469424,91.2281493354,16.604550865,81.6635855523,78.0802951879,63.13774081624241
0.630767248575,11.4896007697,10.0053823436,84.9179096318,38.0743943932,107.131475213,49.4831129999,57.4815537576,94.2356766853,74.21865089495446
3.39089605753,1.47534315943,67.0238739421,99.8538065936,17.8262469424,100.022206526,16.604550865,20.5286104133,94.2356766853,68.88396500113129
3.39089605753,1.47534315943,91.780528962,99.8538065936,5.74940524017,107.131475213,16.604550865,87.6111878682,82.4825882969,68.37117553854344
3.39089605753,11.4896007697,29.9996796446,99.8538065936,17.8262469424,107.131475213,49.4831129999,87.6111878682,41.7020562099,72.48147043427954
4.6721940076,11.4896007697,67.0238739421,93.2089385553,38.0743943932,107.131475213,94.5987394225,57.4815537576,82.4825882969,79.7051359352234
3.39089605753,7.83818355145,29.9996796446,93.2089385553,25.244283139,100.022206526,16.604550865,20.5286104133,82.4825882969,74.87673367560627
4.6721940076,11.4896007697,91.780528962,93.2089385553,17.8262469424,100.022206526,94.5987394225,20.5286104133,82.4825882969,69.49539634215411
4.6721940076,1.47534315943,10.0053823436,84.9179096318,5.74940524017,107.131475213,76.3002546458,20.5286104133,41.7020562099,65.66745037332004
0.630767248575,1.47534315943,10.0053823436,84.9179096318,17.8262469424,107.131475213,76.3002546458,87.6111878682,41.7020562099,71.95725059601412
4.6721940076,11.4896007697,10.0053823436,93.2089385553,17.8262469424,66.2575786004,16.604550865,57.4815537576,78.0802951879,69.08456175012844
2.03587850528,1.47534315943,91.780528962,99.8538065936,5.74940524017,100.022206526,94.5987394225,20.5286104133,78.0802951879,65.3997920126772
2.03587850528,1.47534315943,67.0238739421,99.8538065936,5.74940524017,100.022206526,16.604550865,57.4815537576,78.0802951879,67.33362130734714
4.6721940076,1.47534315943,29.9996796446,93.2089385553,17.8262469424,91.2281493354,94.5987394225,20.5286104133,78.0802951879,75.22802745251441
2.03587850528,11.4896007697,91.780528962,99.8538065936,25.244283139,107.131475213,76.3002546458,87.6111878682,41.7020562099,68.24905828948118
4.6721940076,5.17392326545,29.9996796446,73.2907100808,5.74940524017,107.131475213,94.5987394225,87.6111878682,41.7020562099,65.02345004323965
2.03587850528,5.17392326545,29.9996796446,93.2089385553,17.8262469424,66.2575786004,16.604550865,87.6111878682,82.4825882969,70.16207802830101
3.39089605753,5.17392326545,10.0053823436,93.2089385553,17.8262469424,100.022206526,94.5987394225,57.4815537576,94.2356766853,83.46538299602315
3.39089605753,7.83818355145,67.0238739421,99.8538065936,38.0743943932,107.131475213,49.4831129999,87.6111878682,78.0802951879,78.03986392151344
3.39089605753,11.4896007697,10.0053823436,84.9179096318,38.0743943932,91.2281493354,76.3002546458,57.4815537576,41.7020562099,70.07780599833352
3.39089605753,7.83818355145,10.0053823436,73.2907100808,25.244283139,100.022206526,16.604550865,87.6111878682,41.7020562099,63.24015814652125
2.03587850528,11.4896007697,67.0238739421,93.2089385553,25.244283139,100.022206526,76.3002546458,81.6635855523,82.4825882969,78.77636129084846
2.03587850528,1.47534315943,29.9996796446,84.9179096318,38.0743943932,107.131475213,94.5987394225,57.4815537576,78.0802951879,74.85135317020647
3.39089605753,7.83818355145,67.0238739421,73.2907100808,17.8262469424,66.2575786004,16.604550865,20.5286104133,41.7020562099,49.70180900491723
4.6721940076,11.4896007697,10.0053823436,93.2089385553,5.74940524017,107.131475213,49.4831129999,87.6111878682,41.7020562099,73.30138661302813
4.6721940076,1.47534315943,10.0053823436,99.8538065936,25.244283139,107.131475213,49.4831129999,57.4815537576,82.4825882969,80.32291316355173
3.39089605753,11.4896007697,29.9996796446,73.2907100808,38.0743943932,100.022206526,16.604550865,81.6635855523,94.2356766853,68.94861976735676
2.03587850528,7.83818355145,91.780528962,84.9179096318,17.8262469424,91.2281493354,94.5987394225,57.4815537576,41.7020562099,64.19401124405574
2.03587850528,5.17392326545,29.9996796446,99.8538065936,25.244283139,107.131475213,16.604550865,57.4815537576,94.2356766853,76.98014947012865
4.6721940076,5.17392326545,91.780528962,93.2089385553,38.0743943932,91.2281493354,49.4831129999,87.6111878682,78.0802951879,71.73737491639035
0.630767248575,5.17392326545,91.780528962,99.8538065936,38.0743943932,100.022206526,49.4831129999,20.5286104133,82.4825882969,68.81844702897405
3.39089605753,5.17392326545,67.0238739421,99.8538065936,38.0743943932,91.2281493354,94.5987394225,87.6111878682,78.0802951879,75.98246677926375
3.39089605753,5.17392326545,67.0238739421,99.8538065936,5.74940524017,107.131475213,49.4831129999,81.6635855523,94.2356766853,75.40946527148691
4.6721940076,5.17392326545,29.9996796446,84.9179096318,38.0743943932,100.022206526,76.3002546458,87.6111878682,78.0802951879,79.47652666319007
3.39089605753,11.4896007697,29.9996796446,73.2907100808,25.244283139,66.2575786004,49.4831129999,20.5286104133,78.0802951879,62.35309414914204
0.630767248575,5.17392326545,29.9996796446,99.8538065936,17.8262469424,66.2575786004,76.3002546458,57.4815537576,41.7020562099,60.40502609511798
3.39089605753,5.17392326545,91.780528962,93.2089385553,5.74940524017,107.131475213,16.604550865,57.4815537576,82.4825882969,68.33892559483468
3.39089605753,11.4896007697,67.0238739421,73.2907100808,38.0743943932,66.2575786004,76.3002546458,81.6635855523,94.2356766853,69.87390393327226
3.39089605753,7.83818355145,67.0238739421,84.9179096318,25.244283139,107.131475213,16.604550865,81.6635855523,94.2356766853,70.88268860606578
0.630767248575,11.4896007697,67.0238739421,73.2907100808,5.74940524017,66.2575786004,16.604550865,87.6111878682,41.7020562099,54.45249064882413
2.03587850528,5.17392326545,10.0053823436,84.9179096318,5.74940524017,100.022206526,76.3002546458,81.6635855523,82.4825882969,76.50300746149972
3.39089605753,5.17392326545,91.780528962,84.9179096318,38.0743943932,107.131475213,76.3002546458,57.4815537576,82.4825882969,71.91045996354366
3.39089605753,5.17392326545,67.0238739421,84.9179096318,5.74940524017,100.022206526,76.3002546458,20.5286104133,94.2356766853,68.96598260560621
3.39089605753,7.83818355145,67.0238739421,93.2089385553,17.8262469424,91.2281493354,76.3002546458,20.5286104133,41.7020562099,62.36091213272641
4.6721940076,5.17392326545,10.0053823436,99.8538065936,38.0743943932,107.131475213,76.3002546458,20.5286104133,78.0802951879,79.68559806735087
0.630767248575,5.17392326545,91.780528962,84.9179096318,25.244283139,66.2575786004,16.604550865,20.5286104133,82.4825882969,60.21964738706447
4.6721940076,11.4896007697,29.9996796446,93.2089385553,25.244283139,107.131475213,76.3002546458,20.5286104133,82.4825882969,76.24865880324256
2.03587850528,7.83818355145,29.9996796446,93.2089385553,17.8262469424,91.2281493354,16.604550865,20.5286104133,41.7020562099,63.39414081658913
0.597007146489,9.83148905147,13.4308304754,94.3150227314,28.2013517331,105.866541031,74.1220827488,78.9220176325,57.7653275432,79.61890834994603
1.50535778892,12.5721654565,38.6077810348,97.2939182193,28.2013517331,102.872746257,95.9026408846,78.9220176325,57.7653275432,78.36726627286086
2.61681320217,12.5721654565,69.8847309841,97.2939182193,21.3372329495,83.7693644838,37.0596564462,90.2153057082,57.7653275432,65.11234490954217
0.597007146489,5.80953440955,13.4308304754,97.2939182193,28.2013517331,83.7693644838,74.1220827488,90.2153057082,57.7653275432,75.70722278595545
1.50535778892,12.5721654565,69.8847309841,86.1106719702,21.3372329495,102.872746257,74.1220827488,90.2153057082,82.2861220143,75.31339297881887
2.61681320217,9.83148905147,38.6077810348,94.3150227314,13.9564735615,102.872746257,37.0596564462,78.9220176325,82.2861220143,78.69397284513923
0.597007146489,12.5721654565,38.6077810348,97.2939182193,21.3372329495,83.7693644838,37.0596564462,41.7777427841,93.3179326336,73.62239945677686
1.50535778892,9.83148905147,13.4308304754,97.2939182193,28.2013517331,105.866541031,74.1220827488,90.2153057082,93.3179326336,85.15111457684321
2.61681320217,9.83148905147,38.6077810348,94.3150227314,13.9564735615,102.872746257,37.0596564462,78.9220176325,57.7653275432,73.97094703376563
2.61681320217,9.83148905147,13.4308304754,86.1106719702,13.9564735615,102.872746257,95.9026408846,90.2153057082,82.2861220143,78.80135276779822
0.597007146489,12.5721654565,69.8847309841,97.2939182193,28.2013517331,83.7693644838,74.1220827488,90.2153057082,82.2861220143,73.49542906092691
0.597007146489,5.80953440955,38.6077810348,94.3150227314,28.2013517331,83.7693644838,95.9026408846,90.2153057082,57.7653275432,74.8417083495869
0.597007146489,5.80953440955,13.4308304754,97.2939182193,13.9564735615,105.866541031,37.0596564462,90.2153057082,57.7653275432,77.96075061890785
2.61681320217,9.83148905147,13.4308304754,86.1106719702,13.9564735615,102.872746257,95.9026408846,41.7777427841,93.3179326336,75.86065196664111
1.50535778892,5.80953440955,38.6077810348,86.1106719702,21.3372329495,102.872746257,74.1220827488,41.7777427841,93.3179326336,73.8308931949578
2.61681320217,12.5721654565,38.6077810348,97.2939182193,13.9564735615,102.872746257,95.9026408846,41.7777427841,82.2861220143,78.54385375995469
2.61681320217,9.83148905147,38.6077810348,94.3150227314,13.9564735615,102.872746257,95.9026408846,41.7777427841,93.3179326336,79.89754917725202
0.597007146489,9.83148905147,13.4308304754,86.1106719702,13.9564735615,83.7693644838,74.1220827488,41.7777427841,93.3179326336,77.59611862916282
1.50535778892,5.80953440955,38.6077810348,94.3150227314,28.2013517331,102.872746257,37.0596564462,78.9220176325,82.2861220143,79.75674925881584
0.597007146489,5.80953440955,38.6077810348,86.1106719702,28.2013517331,105.866541031,37.0596564462,78.9220176325,82.2861220143,73.15256732698509
2.61681320217,9.83148905147,69.8847309841,86.1106719702,13.9564735615,83.7693644838,37.0596564462,90.2153057082,82.2861220143,70.26138726831704
2.61681320217,12.5721654565,69.8847309841,97.2939182193,13.9564735615,102.872746257,74.1220827488,41.7777427841,57.7653275432,68.2998290482608
2.61681320217,12.5721654565,69.8847309841,97.2939182193,21.3372329495,83.7693644838,95.9026408846,90.2153057082,93.3179326336,75.1667117223275
1.50535778892,9.83148905147,13.4308304754,97.2939182193,13.9564735615,102.872746257,37.0596564462,90.2153057082,57.7653275432,77.28687571334993
0.597007146489,5.80953440955,38.6077810348,97.2939182193,28.2013517331,102.872746257,37.0596564462,41.7777427841,57.7653275432,72.28024280505059
2.61681320217,5.80953440955,13.4308304754,94.3150227314,13.9564735615,102.872746257,37.0596564462,90.2153057082,82.2861220143,80.73430229439757
1.50535778892,5.80953440955,38.6077810348,86.1106719702,28.2013517331,83.7693644838,95.9026408846,90.2153057082,57.7653275432,74.55517054959776
2.61681320217,9.83148905147,38.6077810348,86.1106719702,13.9564735615,105.866541031,37.0596564462,78.9220176325,82.2861220143,72.34931966828822
1.50535778892,9.83148905147,38.6077810348,86.1106719702,28.2013517331,83.7693644838,74.1220827488,41.7777427841,93.3179326336,76.8576627132988
2.61681320217,12.5721654565,69.8847309841,97.2939182193,28.2013517331,105.866541031,37.0596564462,78.9220176325,57.7653275432,71.5666230517771
2.61681320217,12.5721654565,69.8847309841,97.2939182193,21.3372329495,105.866541031,95.9026408846,90.2153057082,82.2861220143,79.623455052165
1.50535778892,5.80953440955,13.4308304754,94.3150227314,13.9564735615,105.866541031,74.1220827488,78.9220176325,82.2861220143,80.6458094929156
1.50535778892,5.80953440955,69.8847309841,97.2939182193,21.3372329495,105.866541031,74.1220827488,41.7777427841,82.2861220143,74.67990542725143
0.597007146489,12.5721654565,38.6077810348,94.3150227314,28.2013517331,105.866541031,95.9026408846,90.2153057082,57.7653275432,80.85324449696805
2.61681320217,12.5721654565,69.8847309841,97.2939182193,28.2013517331,105.866541031,74.1220827488,78.9220176325,57.7653275432,73.71624377732272
2.61681320217,12.5721654565,13.4308304754,86.1106719702,13.9564735615,105.866541031,95.9026408846,41.7777427841,57.7653275432,72.17985508323278
0.597007146489,12.5721654565,69.8847309841,97.2939182193,21.3372329495,102.872746257,74.1220827488,41.7777427841,82.2861220143,74.3245580107766
2.61681320217,12.5721654565,69.8847309841,94.3150227314,13.9564735615,83.7693644838,37.0596564462,41.7777427841,82.2861220143,65.86004263984779
2.61681320217,9.83148905147,38.6077810348,97.2939182193,21.3372329495,105.866541031,74.1220827488,41.7777427841,93.3179326336,78.70038634600985
1.50535778892,5.80953440955,13.4308304754,94.3150227314,28.2013517331,105.866541031,95.9026408846,90.2153057082,82.2861220143,84.10683904693958
1.50535778892,5.80953440955,13.4308304754,94.3150227314,21.3372329495,105.866541031,95.9026408846,90.2153057082,57.7653275432,81.56303231401193
2.61681320217,9.83148905147,38.6077810348,94.3150227314,13.9564735615,105.866541031,74.1220827488,90.2153057082,57.7653275432,77.70618951387004
0.597007146489,12.5721654565,69.8847309841,86.1106719702,13.9564735615,83.7693644838,74.1220827488,78.9220176325,93.3179326336,73.74114667534182
0.597007146489,9.83148905147,69.8847309841,86.1106719702,13.9564735615,102.872746257,95.9026408846,78.9220176325,82.2861220143,74.8464953203144
0.597007146489,9.83148905147,69.8847309841,97.2939182193,21.3372329495,102.872746257,37.0596564462,90.2153057082,82.2861220143,75.85862541930638
0.597007146489,9.83148905147,38.6077810348,97.2939182193,28.2013517331,102.872746257,37.0596564462,41.7777427841,82.2861220143,76.16464166077468
2.61681320217,5.80953440955,38.6077810348,97.2939182193,28.2013517331,105.866541031,95.9026408846,78.9220176325,82.2861220143,82.49088957026223
0.597007146489,12.5721654565,38.6077810348,94.3150227314,21.3372329495,102.872746257,95.9026408846,41.7777427841,93.3179326336,79.98904287298873
2.61681320217,12.5721654565,69.8847309841,94.3150227314,21.3372329495,105.866541031,74.1220827488,78.9220176325,82.2861220143,78.47352199196324
1.50535778892,5.80953440955,69.8847309841,94.3150227314,28.2013517331,83.7693644838,95.9026408846,90.2153057082,82.2861220143,75.47904527161668
2.61681320217,9.83148905147,13.4308304754,97.2939182193,28.2013517331,102.872746257,74.1220827488,90.2153057082,93.3179326336,85.97434658805517
0.597007146489,12.5721654565,13.4308304754,94.3150227314,13.9564735615,105.866541031,95.9026408846,90.2153057082,57.7653275432,80.62614150507083
2.61681320217,9.83148905147,13.4308304754,97.2939182193,13.9564735615,83.7693644838,74.1220827488,78.9220176325,82.2861220143,78.23528230974219
2.61681320217,12.5721654565,69.8847309841,86.1106719702,28.2013517331,83.7693644838,37.0596564462,90.2153057082,57.7653275432,68.0977110967208
0.597007146489,9.83148905147,38.6077810348,94.3150227314,28.2013517331,83.7693644838,37.0596564462,90.2153057082,93.3179326336,79.55644324745424
0.597007146489,12.5721654565,69.8847309841,97.2939182193,21.3372329495,102.872746257,74.1220827488,90.2153057082,82.2861220143,78.05425035593655
2.61681320217,5.80953440955,13.4308304754,97.2939182193,21.3372329495,102.872746257,37.0596564462,78.9220176325,82.2861220143,81.14126557635802
1.50535778892,5.80953440955,13.4308304754,94.3150227314,28.2013517331,83.7693644838,37.0596564462,41.7777427841,93.3179326336,79.58157131076538
0.597007146489,12.5721654565,69.8847309841,86.1106719702,21.3372329495,102.872746257,95.9026408846,78.9220176325,82.2861220143,75.44755341388606
1.50535778892,12.5721654565,13.4308304754,94.3150227314,21.3372329495,102.872746257,95.9026408846,78.9220176325,57.7653275432,80.97844650222717
1.50535778892,12.5721654565,69.8847309841,97.2939182193,13.9564735615,105.866541031,95.9026408846,41.7777427841,57.7653275432,70.76367987846906
1.50535778892,9.83148905147,13.4308304754,97.2939182193,13.9564735615,102.872746257,74.1220827488,41.7777427841,57.7653275432,75.7068040937356
1.50535778892,9.83148905147,13.4308304754,97.2939182193,13.9564735615,105.866541031,37.0596564462,90.2153057082,57.7653275432,78.16989548217686
0.597007146489,9.83148905147,69.8847309841,94.3150227314,13.9564735615,102.872746257,74.1220827488,41.7777427841,82.2861220143,74.17528905266492
1.50535778892,12.5721654565,13.4308304754,97.2939182193,13.9564735615,83.7693644838,74.1220827488,41.7777427841,93.3179326336,78.26736385583503
1.50535778892,9.83148905147,13.4308304754,97.2939182193,21.3372329495,102.872746257,95.9026408846,90.2153057082,93.3179326336,86.21726217264171
2.61681320217,5.80953440955,38.6077810348,97.2939182193,28.2013517331,83.7693644838,74.1220827488,90.2153057082,57.7653275432,71.94792597740008
0.597007146489,5.80953440955,38.6077810348,86.1106719702,13.9564735615,102.872746257,95.9026408846,41.7777427841,93.3179326336,74.07894131448273
2.61681320217,12.5721654565,69.8847309841,86.1106719702,28.2013517331,102.872746257,74.1220827488,90.2153057082,93.3179326336,76.88038247413301
0.597007146489,5.80953440955,69.8847309841,94.3150227314,28.2013517331,83.7693644838,37.0596564462,78.9220176325,93.3179326336,73.63812858211043
1.50535778892,9.83148905147,13.4308304754,97.2939182193,13.9564735615,105.866541031,37.0596564462,78.9220176325,57.7653275432,77.30031230034247
1.50535778892,5.80953440955,69.8847309841,97.2939182193,21.3372329495,83.7693644838,37.0596564462,78.9220176325,82.2861220143,69.067425277663
0.597007146489,9.83148905147,13.4308304754,94.3150227314,28.2013517331,83.7693644838,74.1220827488,78.9220176325,82.2861220143,82.09820077176718
2.61681320217,9.83148905147,69.8847309841,94.3150227314,21.3372329495,105.866541031,74.1220827488,90.2153057082,82.2861220143,79.31276197074185
0.597007146489,9.83148905147,69.8847309841,97.2939182193,28.2013517331,83.7693644838,37.0596564462,41.7777427841,57.7653275432,62.72003489914355
0.597007146489,5.80953440955,38.6077810348,94.3150227314,21.3372329495,102.872746257,74.1220827488,78.9220176325,93.3179326336,81.7251551244615
2.61681320217,5.80953440955,69.8847309841,86.1106719702,13.9564735615,83.7693644838,95.9026408846,78.9220176325,93.3179326336,74.54156877782292
0.597007146489,12.5721654565,13.4308304754,94.3150227314,28.2013517331,83.7693644838,95.9026408846,41.7777427841,82.2861220143,80.54736819140749
0.597007146489,12.5721654565,13.4308304754,94.3150227314,28.2013517331,105.866541031,37.0596564462,41.7777427841,82.2861220143,76.56544938934447
1.50535778892,9.83148905147,69.8847309841,94.3150227314,21.3372329495,105.866541031,95.9026408846,90.2153057082,57.7653275432,76.36777726391352
2.61681320217,9.83148905147,38.6077810348,94.3150227314,28.2013517331,105.866541031,37.0596564462,90.2153057082,57.7653275432,77.22985458523387
2.61681320217,12.5721654565,38.6077810348,97.2939182193,13.9564735615,102.872746257,74.1220827488,41.7777427841,93.3179326336,78.48070737340092
1.50535778892,5.80953440955,38.6077810348,86.1106719702,28.2013517331,105.866541031,95.9026408846,90.2153057082,93.3179326336,78.47568435410064
2.61681320217,5.80953440955,13.4308304754,97.2939182193,21.3372329495,105.866541031,95.9026408846,41.7777427841,93.3179326336,82.2812867212371
0.597007146489,12.5721654565,13.4308304754,97.2939182193,28.2013517331,83.7693644838,74.1220827488,78.9220176325,93.3179326336,83.87095736082807
0.597007146489,5.80953440955,13.4308304754,94.3150227314,28.2013517331,105.866541031,95.9026408846,90.2153057082,93.3179326336,84.76662143082578
1.50535778892,9.83148905147,13.4308304754,97.2939182193,28.2013517331,83.7693644838,95.9026408846,90.2153057082,82.2861220143,82.91810501467742
0.597007146489,12.5721654565,13.4308304754,86.1106719702,13.9564735615,105.866541031,74.1220827488,90.2153057082,57.7653275432,74.06918761203164
0.597007146489,5.80953440955,38.6077810348,94.3150227314,28.2013517331,102.872746257,74.1220827488,78.9220176325,82.2861220143,81.64684122938172
0.597007146489,5.80953440955,13.4308304754,94.3150227314,21.3372329495,105.866541031,74.1220827488,90.2153057082,93.3179326336,82.80055096114974
2.61681320217,12.5721654565,69.8847309841,86.1106719702,13.9564735615,83.7693644838,37.0596564462,90.2153057082,82.2861220143,70.18993391918569
2.61681320217,12.5721654565,69.8847309841,97.2939182193,28.2013517331,105.866541031,95.9026408846,41.7777427841,57.7653275432,72.11940698587846
2.61681320217,9.83148905147,69.8847309841,97.2939182193,13.9564735615,83.7693644838,37.0596564462,78.9220176325,57.7653275432,63.329770821079904
1.50535778892,12.5721654565,13.4308304754,86.1106719702,13.9564735615,83.7693644838,95.9026408846,78.9220176325,57.7653275432,74.00126159301824
1.50535778892,12.5721654565,69.8847309841,86.1106719702,13.9564735615,83.7693644838,95.9026408846,41.7777427841,57.7653275432,66.42518474157839
1.50535778892,5.80953440955,13.4308304754,97.2939182193,21.3372329495,83.7693644838,37.0596564462,41.7777427841,82.2861220143,74.67225266227092
0.597007146489,9.83148905147,69.8847309841,94.3150227314,13.9564735615,83.7693644838,95.9026408846,90.2153057082,93.3179326336,75.46419502563697
1.50535778892,5.80953440955,69.8847309841,94.3150227314,13.9564735615,105.866541031,95.9026408846,41.7777427841,82.2861220143,75.82244238319858
2.61681320217,9.83148905147,38.6077810348,94.3150227314,21.3372329495,83.7693644838,37.0596564462,90.2153057082,82.2861220143,75.39021620140545
2.61681320217,9.83148905147,13.4308304754,97.2939182193,28.2013517331,83.7693644838,74.1220827488,41.7777427841,57.7653275432,71.4279887472687
0.737740347605,1.44092356069,39.5859452334,90.4464087721,18.1978996292,101.319287107,93.9323965252,72.4225110532,62.6335396752,76.9117495551089
1.67771045085,1.44092356069,54.0138810837,82.5035030975,10.6061936735,85.4066869521,48.4872286712,82.1833958371,95.7831806094,72.3291996066051
4.00720781657,1.44092356069,20.5940782488,90.4464087721,18.1978996292,85.4066869521,48.4872286712,42.6945907113,81.554561554,74.86277598782917
4.00720781657,1.44092356069,39.5859452334,98.4137185257,38.4217891418,85.4066869521,93.9323965252,82.1833958371,95.7831806094,82.56639931047042
4.00720781657,1.44092356069,20.5940782488,82.5035030975,10.6061936735,110.989911897,56.688610166,42.6945907113,95.7831806094,68.25048984885484
1.67771045085,12.7355368358,54.0138810837,82.5035030975,10.6061936735,110.989911897,93.9323965252,72.4225110532,62.6335396752,68.70989321810862
1.67771045085,11.7740916334,39.5859452334,82.5035030975,10.6061936735,110.989911897,93.9323965252,72.4225110532,95.7831806094,71.0877268337963
4.00720781657,12.7355368358,20.5940782488,90.4464087721,38.4217891418,85.4066869521,48.4872286712,82.1833958371,95.7831806094,84.46035744644286
4.00720781657,12.7355368358,20.5940782488,90.4464087721,10.6061936735,85.4066869521,93.9323965252,82.1833958371,81.554561554,79.35377705186878
4.00720781657,12.7355368358,54.0138810837,90.4464087721,18.1978996292,85.4066869521,48.4872286712,42.6945907113,81.554561554,70.95021520009834
0.78338488369,2.70250049685,8.59720651875,83.0428453501,32.2363126635,111.541617069,63.1048458974,77.1973170857,81.6371732074,72.1649345776705
2.51641940096,2.70250049685,8.59720651875,91.2964971903,7.28228280175,102.672171711,63.1048458974,77.1973170857,81.6371732074,78.78594599506526
2.51641940096,9.63429987214,77.9210491621,83.0428453501,32.2363126635,81.2433630228,42.7963829222,36.5344954071,60.0601746063,62.84287614970692
2.51641940096,9.63429987214,77.9210491621,91.2964971903,17.5734229852,81.2433630228,63.1048458974,36.5344954071,91.2724983761,68.18574942168601
1.47109423328,12.9976086887,77.9210491621,91.2964971903,32.2363126635,111.541617069,42.7963829222,77.1973170857,91.2724983761,73.92338102050857
0.78338488369,12.9976086887,8.59720651875,98.6918883524,32.2363126635,81.2433630228,42.7963829222,85.0501619745,81.6371732074,79.64661395777472
2.51641940096,12.9976086887,51.2147891298,98.6918883524,32.2363126635,81.2433630228,42.7963829222,36.5344954071,91.2724983761,71.19287561067185
2.51641940096,9.63429987214,51.2147891298,83.0428453501,32.2363126635,111.541617069,63.1048458974,77.1973170857,60.0601746063,69.36864256603593
0.78338488369,2.70250049685,8.59720651875,91.2964971903,32.2363126635,102.672171711,90.2614118339,36.5344954071,91.2724983761,79.90644183999063
2.51641940096,12.9976086887,77.9210491621,83.0428453501,17.5734229852,111.541617069,90.2614118339,77.1973170857,91.2724983761,70.17310432822987
4.20984545939,11.7539471166,20.9417865392,90.0500709327,30.5564978611,127.590581408,84.4086495988,95.7037300607,85.2182013253,74.2691400069429
3.22780110075,11.7539471166,20.9417865392,90.0500709327,30.5564978611,127.590581408,84.4086495988,95.7037300607,85.2182013253,73.98855590447403
1.59111495086,11.7539471166,20.9417865392,90.0500709327,30.5564978611,127.590581408,84.4086495988,95.7037300607,85.2182013253,73.52093129021823
4.20984545939,7.62157446287,20.9417865392,90.0500709327,30.5564978611,127.590581408,84.4086495988,95.7037300607,85.2182013253,74.40049042343513
1.59111495086,3.31101226743,63.2455599258,90.0500709327,30.5564978611,127.590581408,84.4086495988,95.7037300607,85.2182013253,71.61355230406522
3.22780110075,7.62157446287,20.9417865392,90.0500709327,30.5564978611,127.590581408,84.4086495988,95.7037300607,85.2182013253,74.11990632096627
3.22780110075,3.31101226743,63.2455599258,90.0500709327,30.5564978611,127.590581408,84.4086495988,95.7037300607,85.2182013253,72.081176918321
1.59111495086,7.62157446287,20.9417865392,90.0500709327,30.5564978611,127.590581408,84.4086495988,95.7037300607,85.2182013253,73.65228170671047
4.20984545939,3.31101226743,63.2455599258,90.0500709327,30.5564978611,127.590581408,84.4086495988,95.7037300607,85.2182013253,72.36176102078988
1.59111495086,3.31101226743,68.1475386018,90.0500709327,30.5564978611,127.590581408,84.4086495988,95.7037300607,85.2182013253,71.3886110102124
4.13049615445,3.26300615833,69.1422070084,89.1507399953,29.8508319564,124.833955779,78.9256653377,94.6191131486,87.4370149599,72.1118075475142
3.2072596264,3.26300615833,69.1422070084,89.1507399953,29.8508319564,124.833955779,78.9256653377,94.6191131486,87.4370149599,71.84802568235673
0.228668722942,3.26300615833,69.1422070084,89.1507399953,29.8508319564,124.833955779,78.9256653377,94.6191131486,87.4370149599,70.99699970993908
0.430922248519,13.565595562,18.5480660247,93.0065479874,29.514359426,120.408612866,96.0147570227,91.0732175958,90.4553310572,78.31623468540718
2.50103457189,13.565595562,18.5480660247,93.0065479874,29.514359426,120.408612866,96.0147570227,91.0732175958,90.4553310572,78.90769534922796
4.52963963081,13.565595562,18.5480660247,93.0065479874,29.514359426,120.408612866,96.0147570227,91.0732175958,90.4553310572,79.48729679463428
0.430922248519,13.565595562,18.5480660247,93.0065479874,29.514359426,95.9810584923,96.0147570227,91.0732175958,90.4553310572,86.89152764845093
0.430922248519,9.14216154514,18.5480660247,93.0065479874,29.514359426,120.408612866,96.0147570227,91.0732175958,90.4553310572,78.4568366952298
2.50103457189,9.14216154514,18.5480660247,93.0065479874,29.514359426,120.408612866,96.0147570227,91.0732175958,90.4553310572,79.0482973590506
0.430922248519,9.14216154514,18.5480660247,93.0065479874,29.514359426,95.9810584923,96.0147570227,91.0732175958,90.4553310572,87.03212965827353
4.52963963081,9.14216154514,18.5480660247,93.0065479874,29.514359426,120.408612866,96.0147570227,91.0732175958,90.4553310572,79.62789880445689
0.430922248519,1.82762220709,18.5480660247,93.0065479874,29.514359426,95.9810584923,96.0147570227,91.0732175958,90.4553310572,86.93581207039787
2.50103457189,13.565595562,18.5480660247,93.0065479874,29.514359426,95.9810584923,96.0147570227,91.0732175958,90.4553310572,87.48298831227171
3.74197389329,1.21354187215,25.132495377,96.6560196163,26.8800666989,117.690108365,88.0056961758,85.2384412018,97.6989153381,81.65303394114554
3.74197389329,4.22321671972,25.132495377,96.6560196163,26.8800666989,117.690108365,88.0056961758,85.2384412018,97.6989153381,81.74869860594322
2.51313764565,1.21354187215,25.132495377,96.6560196163,26.8800666989,89.6049720526,88.0056961758,85.2384412018,97.6989153381,85.50208417222623
0.975624466158,4.22321671972,25.132495377,96.6560196163,26.8800666989,89.6049720526,88.0056961758,85.2384412018,97.6989153381,85.8908541099984
0.975624466158,1.21354187215,25.132495377,96.6560196163,26.8800666989,89.6049720526,88.0056961758,85.2384412018,97.6989153381,85.94137365208258
3.74197389329,10.226449281,25.132495377,96.6560196163,26.8800666989,117.690108365,88.0056961758,85.2384412018,97.6989153381,81.73440565091883
3.74197389329,1.21354187215,61.059139093,96.6560196163,26.8800666989,117.690108365,88.0056961758,85.2384412018,97.6989153381,79.78133113594909
2.51313764565,4.22321671972,25.132495377,96.6560196163,26.8800666989,89.6049720526,88.0056961758,85.2384412018,97.6989153381,85.45156463014206
2.51313764565,1.21354187215,25.132495377,96.6560196163,26.8800666989,117.690108365,88.0056961758,85.2384412018,97.6989153381,81.30193787039258
0.975624466158,10.226449281,25.132495377,96.6560196163,26.8800666989,89.6049720526,88.0056961758,85.2384412018,97.6989153381,85.89840207501128
2.51313764565,4.22321671972,25.132495377,96.6560196163,26.8800666989,117.690108365,88.0056961758,85.2384412018,97.6989153381,81.39760253519029
3.74197389329,1.21354187215,25.132495377,96.6560196163,26.8800666989,89.6049720526,88.0056961758,85.2384412018,97.6989153381,85.1509881014733
2.51313764565,1.21354187215,61.059139093,96.6560196163,26.8800666989,117.690108365,88.0056961758,85.2384412018,97.6989153381,79.43023506519614
2.51313764565,10.226449281,25.132495377,96.6560196163,26.8800666989,117.690108365,88.0056961758,85.2384412018,97.6989153381,81.38330958016589
3.74197389329,1.21354187215,81.3135653097,96.6560196163,26.8800666989,117.690108365,88.0056961758,85.2384412018,97.6989153381,78.2423863655967
0.975624466158,1.21354187215,25.132495377,96.6560196163,26.8800666989,117.690108365,88.0056961758,85.2384412018,97.6989153381,80.86264839053626
2.51313764565,1.21354187215,81.3135653097,96.6560196163,26.8800666989,117.690108365,88.0056961758,85.2384412018,97.6989153381,77.89129029484377
3.74197389329,4.22321671972,25.132495377,96.6560196163,26.8800666989,89.6049720526,88.0056961758,85.2384412018,97.6989153381,85.10046855938913
0.975624466158,4.22321671972,25.132495377,96.6560196163,26.8800666989,117.690108365,88.0056961758,85.2384412018,97.6989153381,80.95831305533395
2.51313764565,10.226449281,25.132495377,96.6560196163,26.8800666989,89.6049720526,88.0056961758,85.2384412018,97.6989153381,85.45911259515495
2.24583898033,0.879704816214,19.9557575158,95.6943415937,38.8674486252,127.36408446,96.6844055232,95.2728901978,89.7384962065,79.30709400599999
1.77528546579,0.879704816214,19.9557575158,95.6943415937,38.8674486252,127.36408446,96.6844055232,95.2728901978,89.7384962065,79.17265014470156
3.71051600932,0.879704816214,19.9557575158,95.6943415937,38.8674486252,127.36408446,96.6844055232,95.2728901978,89.7384962065,79.72557315713965
1.77528546579,7.4164623049,19.9557575158,95.6943415937,38.8674486252,127.36408446,96.6844055232,95.2728901978,89.7384962065,79.35395054692337
2.24583898033,7.4164623049,19.9557575158,95.6943415937,38.8674486252,127.36408446,96.6844055232,95.2728901978,89.7384962065,79.4883944082218
3.71051600932,7.4164623049,19.9557575158,95.6943415937,38.8674486252,127.36408446,96.6844055232,95.2728901978,89.7384962065,79.90687355936144
1.77528546579,10.948483074,19.9557575158,95.6943415937,38.8674486252,127.36408446,96.6844055232,95.2728901978,89.7384962065,79.24168274390514
2.24583898033,10.948483074,19.9557575158,95.6943415937,38.8674486252,127.36408446,96.6844055232,95.2728901978,89.7384962065,79.37612660520357
1.77528546579,0.879704816214,53.1570632314,95.6943415937,38.8674486252,127.36408446,96.6844055232,95.2728901978,89.7384962065,77.57443802687261
2.24583898033,0.879704816214,53.1570632314,95.6943415937,38.8674486252,127.36408446,96.6844055232,95.2728901978,89.7384962065,77.70888188817104
3.71051600932,10.948483074,19.9557575158,95.6943415937,38.8674486252,127.36408446,96.6844055232,95.2728901978,89.7384962065,79.79460575634322
3.71051600932,0.879704816214,53.1570632314,95.6943415937,38.8674486252,127.36408446,96.6844055232,95.2728901978,89.7384962065,78.12736103931068
1.77528546579,0.879704816214,74.025949173,95.6943415937,38.8674486252,127.36408446,96.6844055232,95.2728901978,89.7384962065,76.56987192085231
2.24583898033,0.879704816214,74.025949173,95.6943415937,38.8674486252,127.36408446,96.6844055232,95.2728901978,89.7384962065,76.70431578215073
1.77528546579,7.4164623049,53.1570632314,95.6943415937,38.8674486252,127.36408446,96.6844055232,95.2728901978,89.7384962065,77.75573842909442
2.24583898033,7.4164623049,53.1570632314,95.6943415937,38.8674486252,127.36408446,96.6844055232,95.2728901978,89.7384962065,77.89018229039284
3.71051600932,0.879704816214,74.025949173,95.6943415937,38.8674486252,127.36408446,96.6844055232,95.2728901978,89.7384962065,77.12279493329038
1.77528546579,10.948483074,53.1570632314,95.6943415937,38.8674486252,127.36408446,96.6844055232,95.2728901978,89.7384962065,77.64347062607618
3.71051600932,7.4164623049,53.1570632314,95.6943415937,38.8674486252,127.36408446,96.6844055232,95.2728901978,89.7384962065,78.3086614415325
2.24583898033,10.948483074,53.1570632314,95.6943415937,38.8674486252,127.36408446,96.6844055232,95.2728901978,89.7384962065,77.7779144873746
0.0647941225436,8.20973743012,23.5958803277,97.2718976172,31.4831185815,107.955739588,95.7467133858,94.435043754,85.9031008946,84.58551464993691
0.0647941225436,1.07307608492,23.5958803277,97.2718976172,31.4831185815,107.955739588,95.7467133858,94.435043754,85.9031008946,84.63774064316326
0.0647941225436,12.7518363203,23.5958803277,97.2718976172,31.4831185815,107.955739588,95.7467133858,94.435043754,85.9031008946,84.63580217336349
2.18758796376,8.20973743012,23.5958803277,97.2718976172,31.4831185815,107.955739588,95.7467133858,94.435043754,85.9031008946,85.1920271759993
0.0647941225436,1.07307608492,39.1618187078,97.2718976172,31.4831185815,107.955739588,95.7467133858,94.435043754,85.9031008946,83.25103679127034
2.18758796376,1.07307608492,23.5958803277,97.2718976172,31.4831185815,107.955739588,95.7467133858,94.435043754,85.9031008946,85.24425316922564
2.18758796376,12.7518363203,23.5958803277,97.2718976172,31.4831185815,107.955739588,95.7467133858,94.435043754,85.9031008946,85.24231469942588
0.0647941225436,8.20973743012,39.1618187078,97.2718976172,31.4831185815,107.955739588,95.7467133858,94.435043754,85.9031008946,83.19881079804398
3.90411048505,8.20973743012,23.5958803277,97.2718976172,31.4831185815,107.955739588,95.7467133858,94.435043754,85.9031008946,85.68246218208162
3.90411048505,1.07307608492,23.5958803277,97.2718976172,31.4831185815,107.955739588,95.7467133858,94.435043754,85.9031008946,85.73468817530798
